<?xml version="1.0" encoding="UTF-8"?>
<beans xmlns="http://www.springframework.org/schema/beans"
	xmlns:xsi="http://www.w3.org/2001/XMLSchema-instance"
	xmlns:p="http://www.springframework.org/schema/p"
	xmlns:c="http://www.springframework.org/schema/c"
	xsi:schemaLocation="http://www.springframework.org/schema/beans
 http://www.springframework.org/schema/beans/spring-beans.xsd">
	<bean class="springcollection.Employee" name="employee">

		<property name="addressList">
			<list>
				<value>Indore</value>
				<value>Indore</value>
				<value>Pune</value>
			</list>
		</property>

		<property name="addressSet">
			<set>
				<value>Indore</value>
				<value>Indore</value>
				<value>Pune</value>
			</set>
		</property>

		<property name="addressMap">
			<map>
				<entry key="1" value="INDORE" />
				<entry key="2" value="PUNE" />
				<entry key="3" value="PUNE" />
			</map>
		</property>


		<property name="addressProp">
			<props>
				<prop key="one">INDORE</prop>
				<prop key="two">PUNE</prop>
			</props>
		</property>


	</bean>
	<!--<bean class="springconstructorinjection.Employee" name="employee" c:name="aditya" 
		c:age="10" /> -->

</beans>