<?xml version="1.0" encoding="UTF-8"?>
<beans xmlns="http://www.springframework.org/schema/beans"
	xmlns:xsi="http://www.w3.org/2001/XMLSchema-instance"
	xmlns:p="http://www.springframework.org/schema/p"
	xsi:schemaLocation="http://www.springframework.org/schema/beans
 http://www.springframework.org/schema/beans/spring-beans.xsd">
	<bean class="springfirstapp.Employee" name="employee">
		<property name="name">
			<value> Aditya</value>
		</property>
	</bean>
	<bean class="springfirstapp.Employee" name="employee1" p:name="raj">
		
	</bean>
</beans>